id,first_name,email,gender,company
1,Hari Karthic,rfrazier0@xinhuanet.com,Male,VettiOfficer
2,VenomVendor,naa@naa.com,Male,SapientNitro
3,Marilyn,mjones9@artisteer.com,Female,Tagfeed
4,Sarah,sbell3@storify.com,Female,Dablist
5,Johnny,jmartinez1@amazon.co.jp,Male,Leenti
6,Angela,aanderson5@barnesandnoble.com,Female,Meezzy
7,Donna,dbradley6@pinterest.com,Female,Voonder
8,Frank,frichardson7@shareasale.com,Male,Skinte
9,Victor,vstanley8@taobao.com,Male,Babblestorm
10,Janice,jhicks2@twitpic.com,Female,Gabcube
11,Carlos,cbella@bluehost.com,Male,Rhyloo
12,Doris,dpayneb@upenn.edu,Female,Viva
13,Norma,nsimpsonc@virginia.edu,Female,Yoveo
14,Philip,pmasond@google.pl,Male,Fivechat
15,Angela,aburtone@gizmodo.com,Female,Quimba
16,Timothy,tdeanf@howstuffworks.com,Male,Photofeed
17,Anna,aortizg@facebook.com,Female,Twimbo
18,Amy,amooreh@google.co.uk,Female,InnoZ
19,Shawn,sandrewsi@hao123.com,Male,Centidel
20,Paula,pspencerj@geocities.com,Female,Edgeblab
21,Wayne,wlynchk@unesco.org,Male,Shuffletag
22,Annie,athomasl@google.es,Female,Vitz
23,Annie,asimsm@over-blog.com,Female,Kwimbee
24,Juan,jperryn@yelp.com,Male,Kwinu
25,Nicole,nwarreno@discovery.com,Female,Teklist
26,Jennifer,jlewisp@about.com,Female,Blogspan
27,Judith,jmasonq@harvard.edu,Female,Dynazzy
28,Amanda,aramirezr@pcworld.com,Female,Browseblab
29,Richard,rtaylors@icio.us,Male,Blogtag
30,Louise,lcrawfordt@xrea.com,Female,DabZ
31,Kathryn,klongu@myspace.com,Female,Skyvu
32,Marie,mgarciav@wikia.com,Female,Bluejam
33,Terry,tadamsw@networkadvertising.org,Male,Zooveo
34,Charles,cmillsx@1688.com,Male,Dazzlesphere
35,Donald,dwoody@walmart.com,Male,Skyndu
36,Keith,kmccoyz@livejournal.com,Male,Agivu
37,Bobby,bpatterson10@sciencedirect.com,Male,Zoonder
38,Jessica,jtaylor11@google.com.au,Female,Miboo
39,Doris,dhayes12@gravatar.com,Female,Shuffletag
40,Willie,wthomas13@discuz.net,Male,Trupe
41,Annie,arice14@bloomberg.com,Female,Buzzster
42,Chris,crivera15@reverbnation.com,Male,Oyoloo
43,Angela,aramirez16@hubpages.com,Female,Eamia
44,Christine,cmills17@bloglines.com,Female,Vipe
45,Mark,mlee18@mapy.cz,Male,Devpoint
46,Chris,chernandez19@wp.com,Male,Livepath
47,Ruby,rhernandez1a@arstechnica.com,Female,Devshare
48,Shawn,spalmer1b@topsy.com,Male,Meezzy
49,Ruby,rrobertson1c@google.de,Female,Browsedrive
50,Mildred,mdiaz1d@arstechnica.com,Female,Zoombox
51,Jose,jstone1e@independent.co.uk,Male,Youspan
52,Beverly,bstone1f@google.com.au,Female,Wikizz
53,James,jwood1g@nydailynews.com,Male,Zava
54,Brandon,bhowell1h@apache.org,Male,Voonder
55,Jessica,jdiaz1i@sogou.com,Female,Dabjam
56,Marie,mdavis1j@shinystat.com,Female,Flashset
57,Keith,kdiaz1k@google.de,Male,Trupe
58,Pamela,pfreeman1l@yellowbook.com,Female,Babbleblab
59,Anne,aweaver1m@yelp.com,Female,Centidel
60,Michelle,mtorres1n@uiuc.edu,Female,Roodel
61,Frances,flane1o@php.net,Female,Vimbo
62,Patricia,ptucker1p@vkontakte.ru,Female,Yakidoo
63,Anna,adunn1q@amazon.de,Female,Viva
64,Patricia,pmills1r@hugedomains.com,Female,Edgepulse
65,Deborah,dwoods1s@zdnet.com,Female,Oyoloo
66,Billy,bjames1t@spotify.com,Male,Trudeo
67,Dorothy,dschmidt1u@economist.com,Female,Meetz
68,Gary,glawson1v@sitemeter.com,Male,Vinder
69,Gregory,ggraham1w@blinklist.com,Male,Thoughtworks
70,Wanda,wwilliamson1x@ucoz.com,Female,Thoughtstorm
71,Willie,wray1y@sitemeter.com,Male,Photolist
72,Arthur,awilliamson1z@webs.com,Male,Buzzster
73,Aaron,arose20@shutterfly.com,Male,Yozio
74,Norma,nrobertson21@dagondesign.com,Female,Quimba
75,Katherine,kfuller22@google.com.hk,Female,Camido
76,Gregory,gprice23@sfgate.com,Male,Demivee
77,Frank,fbennett24@sitemeter.com,Male,Thoughtstorm
78,Chris,cwhite25@mozilla.com,Male,Zoombeat
79,Fred,fpalmer26@w3.org,Male,Gabtune
80,Samuel,skelley27@squarespace.com,Male,Tagfeed
81,Teresa,tjames28@sun.com,Female,Agimba
82,Diana,dmurphy29@newsvine.com,Female,Flashset
83,Robin,rdean2a@answers.com,Female,Kamba
84,Paul,phayes2b@reference.com,Male,Zoonder
85,Mildred,mstanley2c@hc360.com,Female,Tagpad
86,Antonio,ahernandez2d@redcross.org,Male,Skinix
87,Bruce,bdavis2e@dell.com,Male,Latz
88,Harry,hjenkins2f@histats.com,Male,Feedbug
89,Ruby,rwood2g@ted.com,Female,Feedfire
90,Terry,trichards2h@cbc.ca,Male,Aimbu
91,Aaron,aknight2i@opensource.org,Male,Devify
92,Sean,sjames2j@linkedin.com,Male,Yoveo
93,Anne,adiaz2k@ameblo.jp,Female,Bluejam
94,Robin,rchapman2l@fema.gov,Female,Photobean
95,Denise,dsims2m@g.co,Female,Twitterlist
96,Arthur,alarson2n@mashable.com,Male,Eabox
97,Cheryl,cturner2o@free.fr,Female,Bubbletube
98,Alan,acastillo2p@hp.com,Male,Yacero
99,Randy,rholmes2q@goo.ne.jp,Male,Livefish
100,Dorothy,dyoung2r@taobao.com,Female,Oodoo
101,Gregory,gshaw2s@techcrunch.com,Male,Realbridge
102,Thomas,tfox2t@google.com.hk,Male,Youbridge
103,Debra,drose2u@dell.com,Female,Rhybox
104,Jimmy,jwalker2v@mashable.com,Male,Thoughtstorm
105,Elizabeth,ewalker2w@xinhuanet.com,Female,Demivee
106,Stephen,showard2x@webnode.com,Male,Browsecat
107,Daniel,dgeorge2y@blogger.com,Male,Flashdog
108,Annie,asnyder2z@dagondesign.com,Female,Wordpedia
109,Larry,lfrazier30@lycos.com,Male,Yakijo
110,Christopher,cwright31@yandex.ru,Male,Twimbo
111,Lori,lfields32@yolasite.com,Female,Dabjam
112,Louis,lschmidt33@wikimedia.org,Male,Realmix
113,Shirley,spierce34@xinhuanet.com,Female,Browsezoom
114,Amanda,avasquez35@wikia.com,Female,Meedoo
115,Steve,shicks36@typepad.com,Male,Brightdog
116,Howard,hmorgan37@goo.gl,Male,Skidoo
117,Irene,igreen38@flavors.me,Female,Blognation
118,Chris,clawrence39@soup.io,Male,Yamia
119,Anna,ashaw3a@blogger.com,Female,Bubblebox
120,Carolyn,cfrazier3b@liveinternet.ru,Female,Zoonder
121,Lori,lpeterson3c@npr.org,Female,Yabox
122,Craig,cgibson3d@trellian.com,Male,Izio
123,Stephanie,shall3e@google.it,Female,Edgeify
124,Brenda,bhughes3f@freewebs.com,Female,Kazio
125,Brenda,bgarza3g@virginia.edu,Female,Thoughtblab
126,Katherine,kkim3h@goodreads.com,Female,Meemm
127,Rose,rburke3i@umn.edu,Female,Zoomdog
128,Jacqueline,jmurphy3j@google.ca,Female,Livepath
129,Joyce,jwoods3k@ibm.com,Female,Livepath
130,Betty,bwillis3l@fda.gov,Female,Quatz
131,Tammy,tanderson3m@theguardian.com,Female,Gabvine
132,Alan,amorrison3n@so-net.ne.jp,Male,Voonder
133,Amy,agriffin3o@google.co.jp,Female,Riffpath
134,Ronald,rstephens3p@time.com,Male,Trupe
135,Scott,shunt3q@loc.gov,Male,Jatri
136,Paul,pbradley3r@zdnet.com,Male,Browsedrive
137,Richard,rshaw3s@chron.com,Male,Divape
138,Gerald,gstephens3t@de.vu,Male,Camimbo
139,Irene,ibarnes3u@dedecms.com,Female,Skippad
140,Joan,jrussell3v@mozilla.org,Female,Twitterlist
141,Craig,cporter3w@goodreads.com,Male,Youbridge
142,Earl,esimmons3x@alexa.com,Male,Photofeed
143,Roy,rdavis3y@wikia.com,Male,Aimbo
144,Shawn,sphillips3z@opensource.org,Male,Blogpad
145,Ashley,amurphy40@imageshack.us,Female,Meevee
146,Juan,jwarren41@unblog.fr,Male,Twitterbridge
147,Anna,amyers42@icq.com,Female,Npath
148,Jessica,jhenry43@altervista.org,Female,Gigashots
149,Joan,jmorales44@slashdot.org,Female,Tanoodle
150,Jack,jsims45@bbb.org,Male,Avavee
151,Carol,ccrawford46@foxnews.com,Female,Midel
152,Julie,jbrown47@cornell.edu,Female,Yacero
153,Nicole,narmstrong48@github.com,Female,Browseblab
154,Tina,tsanders49@comcast.net,Female,Skyble
155,Anne,aallen4a@ask.com,Female,Chatterbridge
156,James,jnguyen4b@printfriendly.com,Male,Pixoboo
157,Richard,rberry4c@purevolume.com,Male,Yodel
158,Douglas,djones4d@canalblog.com,Male,Innotype
159,Theresa,tmills4e@youku.com,Female,Avamba
160,Lori,ltaylor4f@topsy.com,Female,Twitterbeat
161,Kathy,kwebb4g@businessweek.com,Female,BlogXS
162,Brian,bbryant4h@booking.com,Male,Jaxnation
163,Bobby,bwarren4i@unesco.org,Male,Yakidoo
164,Larry,lrice4j@timesonline.co.uk,Male,Babbleopia
165,Evelyn,eriley4k@japanpost.jp,Female,Plambee
166,Phillip,phansen4l@redcross.org,Male,Edgeify
167,Christopher,cbrown4m@cbslocal.com,Male,Feedfish
168,Diana,dhenry4n@ihg.com,Female,Jaloo
169,Katherine,khart4o@list-manage.com,Female,InnoZ
170,Ronald,rschmidt4p@nytimes.com,Male,Realbridge
171,Andrea,ameyer4q@spiegel.de,Female,Babblestorm
172,Douglas,dbell4r@deliciousdays.com,Male,Yakijo
173,Victor,vgraham4s@purevolume.com,Male,Oyoba
174,Brian,bross4t@ftc.gov,Male,Twiyo
175,Tina,tdunn4u@mit.edu,Female,Kayveo
176,Kathryn,kvasquez4v@umn.edu,Female,Topicshots
177,James,jmatthews4w@constantcontact.com,Male,Twiyo
178,David,dhernandez4x@wsj.com,Male,Shufflebeat
179,Anne,ajackson4y@altervista.org,Female,Roodel
180,Dorothy,dfreeman4z@google.com.au,Female,Youspan
181,Carolyn,cjames50@naver.com,Female,Leexo
182,Kathy,kcooper51@ucoz.ru,Female,Cogibox
183,Theresa,tphillips52@nationalgeographic.com,Female,Meevee
184,Lois,lduncan53@barnesandnoble.com,Female,Fiveclub
185,Keith,kwhite54@furl.net,Male,Nlounge
186,Nancy,nbanks55@flickr.com,Female,Realbridge
187,Barbara,bduncan56@usatoday.com,Female,Twimbo
188,Joshua,jyoung57@fotki.com,Male,Thoughtsphere
189,Samuel,sboyd58@mac.com,Male,Meezzy
190,Kathleen,kcarroll59@dagondesign.com,Female,Linkbuzz
191,Gerald,gstanley5a@reference.com,Male,Demimbu
192,Christina,choward5b@dot.gov,Female,Wikizz
193,Jacqueline,jgibson5c@furl.net,Female,Muxo
194,Cynthia,creid5d@squarespace.com,Female,Tagcat
195,Laura,lmcdonald5e@harvard.edu,Female,Avamba
196,Anthony,abanks5f@nasa.gov,Male,Voomm
197,Maria,mperry5g@gizmodo.com,Female,Youspan
198,Lawrence,lstevens5h@vimeo.com,Male,Yombu
199,Julia,jpowell5i@51.la,Female,Linkbridge
200,Mary,mcunningham5j@edublogs.org,Female,Voolia
201,Philip,pfreeman5k@bigcartel.com,Male,Eadel
202,Elizabeth,erogers5l@census.gov,Female,Skimia
203,Frank,fcampbell5m@mysql.com,Male,Twimm
204,Katherine,kelliott5n@51.la,Female,Jabbertype
205,Joshua,jjacobs5o@globo.com,Male,Quaxo
206,Martha,mtaylor5p@wordpress.org,Female,Yambee
207,Denise,ddiaz5q@scientificamerican.com,Female,Yombu
208,Antonio,aedwards5r@storify.com,Male,LiveZ
209,Edward,eross5s@indiegogo.com,Male,Npath
210,Carolyn,cturner5t@mac.com,Female,Oba
211,Elizabeth,eburke5u@vk.com,Female,Blogtags
212,Janice,jgutierrez5v@examiner.com,Female,Flipopia
213,Ronald,rgilbert5w@wordpress.org,Male,Linkbuzz
214,Phillip,pbell5x@instagram.com,Male,Voolia
215,Craig,cgraham5y@ifeng.com,Male,Oba
216,Janice,jpeterson5z@yahoo.com,Female,Gigazoom
217,Shawn,sharris60@scribd.com,Male,Jetwire
218,Barbara,bcarter61@tinypic.com,Female,Jamia
219,Ryan,rpalmer62@ovh.net,Male,Centidel
220,Ashley,aellis63@privacy.gov.au,Female,Quatz
221,Annie,apatterson64@wiley.com,Female,Jayo
222,William,wturner65@acquirethisname.com,Male,Tagpad
223,Virginia,vfields66@cnet.com,Female,Voonder
224,Andrea,abowman67@nytimes.com,Female,Skynoodle
225,Ashley,aparker68@desdev.cn,Female,Realbuzz
226,Shawn,sphillips69@vinaora.com,Male,Youspan
227,Victor,varnold6a@typepad.com,Male,Youspan
228,Walter,wfields6b@dion.ne.jp,Male,Gigaclub
229,Carolyn,cstephens6c@cam.ac.uk,Female,Thoughtbridge
230,Roger,rgreen6d@nymag.com,Male,Yodel
231,Rose,rwilson6e@blogger.com,Female,Yata
232,Rebecca,rcampbell6f@answers.com,Female,Zoonoodle
233,Catherine,cbanks6g@com.com,Female,Jatri
234,Cynthia,cstanley6h@statcounter.com,Female,Yozio
235,Juan,jwhite6i@sciencedaily.com,Male,DabZ
236,Paula,pthompson6j@posterous.com,Female,Dazzlesphere
237,Helen,hkelley6k@ihg.com,Female,Skyble
238,Bruce,bgilbert6l@nymag.com,Male,Abatz
239,Frances,fburns6m@mashable.com,Female,Thoughtbeat
240,Ronald,rjohnson6n@e-recht24.de,Male,Devshare
241,Thomas,tfranklin6o@t.co,Male,Shuffledrive
242,Roger,rcooper6p@indiatimes.com,Male,Feedfish
243,Adam,alawrence6q@t.co,Male,Skipfire
244,Gary,gbrown6r@sitemeter.com,Male,Skyba
245,Victor,vgraham6s@webs.com,Male,Twitterbeat
246,Clarence,cperez6t@jugem.jp,Male,Vitz
247,William,whughes6u@deviantart.com,Male,Tagopia
248,Albert,alewis6v@marriott.com,Male,Blognation
249,Karen,kward6w@wikispaces.com,Female,Twitterwire
250,Jean,jgriffin6x@hao123.com,Female,Chatterbridge
251,Donna,dowens6y@phoca.cz,Female,Buzzbean
252,Johnny,jwagner6z@businesswire.com,Male,Oyonder
253,Christina,crose70@smugmug.com,Female,Shufflebeat
254,Lois,llawrence71@opera.com,Female,Yakitri
255,Louise,lknight72@ft.com,Female,Devpoint
256,Christine,cthomas73@joomla.org,Female,Centidel
257,Christine,cchapman74@stumbleupon.com,Female,Thoughtbeat
258,Stephanie,smcdonald75@opera.com,Female,Mydeo
259,Debra,dbrown76@mysql.com,Female,Lazzy
260,Brandon,bramirez77@oracle.com,Male,Blogtags
261,Sharon,salexander78@soundcloud.com,Female,Youspan
262,Joyce,jburton79@scribd.com,Female,Vidoo
263,Kathy,kcarr7a@rambler.ru,Female,Wikizz
264,Clarence,cramos7b@elpais.com,Male,Skynoodle
265,Julie,jmarshall7c@usatoday.com,Female,Jamia
266,Joyce,jkelly7d@wisc.edu,Female,Trilia
267,Amanda,areyes7e@mapquest.com,Female,Skajo
268,Ann,arobertson7f@pcworld.com,Female,Realblab
269,Betty,bgrant7g@github.com,Female,Voolith
270,Jean,jschmidt7h@disqus.com,Female,Meedoo
271,Donna,ddiaz7i@nbcnews.com,Female,Oyonder
272,Charles,cjenkins7j@jimdo.com,Male,Meemm
273,Jean,jbailey7k@hhs.gov,Female,Brainsphere
274,Jean,jwilliams7l@uiuc.edu,Female,Riffpedia
275,Amy,amason7m@fda.gov,Female,Meejo
276,Antonio,awashington7n@arizona.edu,Male,Oyondu
277,Daniel,dgeorge7o@ameblo.jp,Male,Vimbo
278,Gloria,gmcdonald7p@bing.com,Female,Kaymbo
279,Evelyn,ekelly7q@theatlantic.com,Female,Skipfire
280,Tammy,tyoung7r@craigslist.org,Female,Quamba
281,Eugene,ekim7s@sogou.com,Male,Dabvine
282,Louis,lcooper7t@technorati.com,Male,Wikivu
283,Clarence,creynolds7u@usgs.gov,Male,Flipopia
284,Jennifer,jgray7v@meetup.com,Female,Eadel
285,Annie,ashaw7w@zdnet.com,Female,Skyvu
286,Betty,bcollins7x@scribd.com,Female,Topicware
287,Amanda,aturner7y@fastcompany.com,Female,Bluezoom
288,Carlos,clopez7z@unesco.org,Male,Quinu
289,Lois,lholmes80@slideshare.net,Female,Linklinks
290,Christina,cwoods81@senate.gov,Female,Skiba
291,Paula,pprice82@hud.gov,Female,Eidel
292,Sara,sholmes83@vimeo.com,Female,Riffwire
293,Marie,melliott84@redcross.org,Female,Youspan
294,Nicholas,ndean85@salon.com,Male,Geba
295,Harry,hbaker86@squarespace.com,Male,Shufflester
296,Joan,jshaw87@bbc.co.uk,Female,Rhybox
297,Janet,jryan88@google.com,Female,Blogtags
298,Cynthia,crichardson89@nydailynews.com,Female,Tanoodle
299,Stephanie,shanson8a@hhs.gov,Female,Cogidoo
300,Jeffrey,jweaver8b@hp.com,Male,Meetz
301,Antonio,acarroll8c@amazon.co.jp,Male,Agivu
302,Donald,dstewart8d@163.com,Male,Jayo
303,Stephen,sbishop8e@loc.gov,Male,Zooxo
304,Donna,dedwards8f@mail.ru,Female,Zava
305,Brian,bromero8g@google.pl,Male,Fadeo
306,Kimberly,kray8h@salon.com,Female,InnoZ
307,Barbara,bwells8i@miitbeian.gov.cn,Female,Livetube
308,Ryan,rowens8j@who.int,Male,Pixonyx
309,Nicole,ngray8k@tripod.com,Female,Brainbox
310,Gerald,gfox8l@craigslist.org,Male,Fatz
311,Alice,agordon8m@sfgate.com,Female,Rooxo
312,Raymond,rhamilton8n@usgs.gov,Male,Bluejam
313,Joshua,jyoung8o@japanpost.jp,Male,Youbridge
314,Paul,pallen8p@dyndns.org,Male,Zoozzy
315,Theresa,tkelley8q@comsenz.com,Female,Gabspot
316,Kathryn,kberry8r@51.la,Female,Eidel
317,Christine,cpierce8s@uol.com.br,Female,Camido
318,Elizabeth,earmstrong8t@nymag.com,Female,Pixope
319,Paul,palexander8u@wufoo.com,Male,Divape
320,Angela,afoster8v@uol.com.br,Female,Voonder
321,Janice,jpowell8w@prweb.com,Female,Twimbo
322,Maria,mgordon8x@flavors.me,Female,Skibox
323,Christopher,cmeyer8y@google.fr,Male,Feednation
324,Nancy,nbutler8z@squarespace.com,Female,Zoomcast
325,Russell,rcarr90@about.me,Male,Jayo
326,David,dkennedy91@buzzfeed.com,Male,Talane
327,Christine,candrews92@boston.com,Female,Feedbug
328,Ruth,rfoster93@businesswire.com,Female,Zooxo
329,John,jpatterson94@reverbnation.com,Male,Babbleset
330,Gary,ghernandez95@ycombinator.com,Male,Zoozzy
331,Tina,tkelley96@over-blog.com,Female,Kaymbo
332,Brandon,bhenderson97@archive.org,Male,Flashset
333,Walter,whughes98@google.es,Male,Jaxnation
334,Cynthia,cdunn99@1688.com,Female,Eare
335,Ryan,rwagner9a@ox.ac.uk,Male,Babbleopia
336,Ernest,ehoward9b@imageshack.us,Male,Yodo
337,Michelle,mbailey9c@domainmarket.com,Female,Wordify
338,Bonnie,bpierce9d@ask.com,Female,Linktype
339,Albert,agriffin9e@github.io,Male,Rhyzio
340,Steve,sdean9f@dedecms.com,Male,Layo
341,Heather,harmstrong9g@omniture.com,Female,Gigaclub
342,Terry,tpalmer9h@meetup.com,Male,Photobug
343,Ann,aday9i@list-manage.com,Female,Thoughtbridge
344,Michelle,mburton9j@php.net,Female,Meejo
345,Marilyn,mpatterson9k@europa.eu,Female,Eamia
346,Douglas,dgrant9l@loc.gov,Male,Demimbu
347,Samuel,sharrison9m@japanpost.jp,Male,Divavu
348,Chris,cwheeler9n@flickr.com,Male,Riffwire
349,Diana,daustin9o@clickbank.net,Female,Innojam
350,Ruth,ralvarez9p@comcast.net,Female,Shuffledrive
351,Roy,rowens9q@angelfire.com,Male,Oba
352,Janet,jhicks9r@symantec.com,Female,Gabtune
353,Nancy,nflores9s@quantcast.com,Female,Quinu
354,Annie,alynch9t@comcast.net,Female,Skinte
355,Christina,cpierce9u@moonfruit.com,Female,Edgetag
356,Randy,rhayes9v@chicagotribune.com,Male,Brightbean
357,Earl,ewarren9w@constantcontact.com,Male,Kwimbee
358,Patricia,pwalker9x@businesswire.com,Female,Jaxnation
359,Gregory,glarson9y@boston.com,Male,Gigashots
360,Jennifer,jcole9z@creativecommons.org,Female,Jayo
361,Catherine,cevansa0@census.gov,Female,Edgeclub
362,Amy,adavisa1@netvibes.com,Female,Dazzlesphere
363,Kenneth,kcrawforda2@flavors.me,Male,Jabbersphere
364,Jerry,jfoxa3@liveinternet.ru,Male,Blogtag
365,Anna,alonga4@unblog.fr,Female,Cogidoo
366,Joyce,jhudsona5@bigcartel.com,Female,Innotype
367,Christine,cphillipsa6@twitter.com,Female,Skajo
368,Carl,charta7@cbsnews.com,Male,Quaxo
369,Edward,esullivana8@cbslocal.com,Male,Photobug
370,Frances,fpattersona9@fastcompany.com,Female,Jabberbean
371,Nancy,nhuntaa@wikispaces.com,Female,Npath
372,Cynthia,carmstrongab@sakura.ne.jp,Female,Jabbercube
373,Andrea,afranklinac@usgs.gov,Female,Rhyzio
374,Patrick,pbrooksad@ycombinator.com,Male,Zoomlounge
375,Stephen,swilsonae@ezinearticles.com,Male,Riffwire
376,Gerald,gbishopaf@bigcartel.com,Male,Fliptune
377,Kathy,kwillisag@msu.edu,Female,Dynabox
378,Walter,wkingah@newsvine.com,Male,Snaptags
379,Nicholas,ngarzaai@yolasite.com,Male,Roombo
380,Nicole,nlopezaj@time.com,Female,Zava
381,Mary,mstoneak@hc360.com,Female,Avamba
382,Johnny,jreynoldsal@stumbleupon.com,Male,Jazzy
383,Elizabeth,eduncanam@eventbrite.com,Female,Thoughtstorm
384,Cheryl,cfoxan@sphinn.com,Female,Divape
385,Julie,jreidao@miibeian.gov.cn,Female,Devbug
386,Mark,mstevensap@theatlantic.com,Male,Yambee
387,Betty,bmorenoaq@army.mil,Female,InnoZ
388,Brandon,bkennedyar@free.fr,Male,Tazz
389,Jack,jpetersas@gravatar.com,Male,Blogtag
390,Jennifer,jriveraat@theatlantic.com,Female,Eadel
391,Katherine,kfreemanau@timesonline.co.uk,Female,Quaxo
392,Kimberly,kwilsonav@microsoft.com,Female,Brainsphere
393,Kathryn,khendersonaw@myspace.com,Female,Riffpath
394,Elizabeth,emorenoax@posterous.com,Female,Quatz
395,Harold,hturneray@vkontakte.ru,Male,Devcast
396,Kevin,klaneaz@elegantthemes.com,Male,Blogtags
397,Julia,jwheelerb0@zdnet.com,Female,Vinder
398,Michelle,mbanksb1@ed.gov,Female,Midel
399,Alice,ahudsonb2@about.me,Female,Quinu
400,James,jpattersonb3@thetimes.co.uk,Male,Thoughtbridge
401,Patrick,pjohnsonb4@is.gd,Male,Skivee
402,Judith,jmedinab5@hud.gov,Female,Gabcube
403,Mildred,mwallaceb6@virginia.edu,Female,Katz
404,Emily,ekimb7@businessweek.com,Female,Brainsphere
405,Mary,mmendozab8@unc.edu,Female,Topicblab
406,Keith,krobinsonb9@ning.com,Male,Abatz
407,Jennifer,jwarrenba@wufoo.com,Female,Jabbertype
408,Debra,dpaynebb@mlb.com,Female,Lazzy
409,Matthew,mstewartbc@ox.ac.uk,Male,Meejo
410,Clarence,csimpsonbd@mlb.com,Male,Camido
411,Joshua,jfrazierbe@sohu.com,Male,Chatterpoint
412,Jimmy,jmillsbf@sitemeter.com,Male,Oloo
413,Donald,dfrazierbg@state.gov,Male,Kamba
414,Rebecca,rmillsbh@facebook.com,Female,Skajo
415,Jeffrey,jstevensbi@weibo.com,Male,Lazz
416,Lawrence,lgriffinbj@imageshack.us,Male,Zoozzy
417,Phyllis,pstephensbk@apache.org,Female,Latz
418,Cheryl,ccrawfordbl@adobe.com,Female,Bluejam
419,Julia,jpattersonbm@state.tx.us,Female,Realfire
420,Jason,jhudsonbn@oakley.com,Male,Meevee
421,Benjamin,bpiercebo@sbwire.com,Male,Photobean
422,Matthew,mnelsonbp@gizmodo.com,Male,Tekfly
423,Jose,jmartinbq@google.nl,Male,Jazzy
424,Lori,lgarzabr@histats.com,Female,Kwinu
425,James,jstanleybs@indiatimes.com,Male,Jaloo
426,Annie,aallenbt@gmpg.org,Female,Midel
427,Brian,brobertsbu@pcworld.com,Male,Janyx
428,Paula,psanchezbv@tumblr.com,Female,Yabox
429,Clarence,cschmidtbw@chron.com,Male,Kwimbee
430,Charles,cmartinezbx@xrea.com,Male,Jaxspan
431,Ashley,ahernandezby@edublogs.org,Female,Realmix
432,Benjamin,bwoodbz@cornell.edu,Male,Kare
433,Linda,ldavisc0@google.pl,Female,Jamia
434,Norma,nwestc1@unicef.org,Female,Geba
435,Chris,cberryc2@soup.io,Male,Feedmix
436,Samuel,sfoxc3@time.com,Male,Edgepulse
437,Janice,jreidc4@phpbb.com,Female,Rhyzio
438,Lori,lmartinezc5@home.pl,Female,Jaxbean
439,Daniel,druizc6@hostgator.com,Male,Yozio
440,Samuel,swoodc7@wikispaces.com,Male,Photobug
441,Steven,sgarrettc8@independent.co.uk,Male,Lazz
442,Shawn,sandersonc9@skyrock.com,Male,Chatterbridge
443,Jeffrey,jmartinezca@google.es,Male,Oyonder
444,Russell,ralvarezcb@merriam-webster.com,Male,Gabtune
445,Kevin,kschmidtcc@networkadvertising.org,Male,Topiczoom
446,Richard,rrosecd@bloglines.com,Male,Photojam
447,Earl,ekennedyce@unc.edu,Male,Zoonder
448,James,jmyerscf@earthlink.net,Male,Edgetag
449,Phyllis,pfernandezcg@cyberchimps.com,Female,Twitterlist
450,Phyllis,preyesch@eventbrite.com,Female,Mynte
451,Janice,jpetersonci@sohu.com,Female,Zoomlounge
452,David,dfraziercj@theguardian.com,Male,Tagcat
453,Carlos,clynchck@photobucket.com,Male,Brightdog
454,Heather,hjacobscl@dmoz.org,Female,Shuffletag
455,Bruce,bgonzalezcm@hatena.ne.jp,Male,Leenti
456,Marilyn,mboydcn@smugmug.com,Female,Divape
457,Antonio,agilbertco@seattletimes.com,Male,Buzzdog
458,Jane,jwalkercp@nsw.gov.au,Female,Agimba
459,Paul,pandersoncq@zdnet.com,Male,Lazzy
460,Martin,mperezcr@cmu.edu,Male,Minyx
461,Lisa,lnelsoncs@taobao.com,Female,Blogpad
462,Gerald,gbishopct@globo.com,Male,Eire
463,Frank,fgriffincu@thetimes.co.uk,Male,Blogspan
464,Pamela,pbakercv@wikipedia.org,Female,Livefish
465,Angela,ajonescw@amazon.co.uk,Female,Blogtags
466,Sandra,svasquezcx@smugmug.com,Female,Gigabox
467,Susan,syoungcy@washington.edu,Female,Gigaclub
468,Brian,bcarpentercz@berkeley.edu,Male,Oyondu
469,Kathryn,kbaileyd0@livejournal.com,Female,Vipe
470,Lawrence,lhamiltond1@ustream.tv,Male,Jabberstorm
471,Albert,afernandezd2@ask.com,Male,Riffpedia
472,Amy,ahansend3@illinois.edu,Female,Chatterpoint
473,Jerry,jlaned4@adobe.com,Male,Jetpulse
474,Rose,rgordond5@geocities.com,Female,Voonte
475,Paula,philld6@kickstarter.com,Female,Mycat
476,Rose,rryand7@businesswire.com,Female,Voolia
477,Ruby,rcoxd8@xinhuanet.com,Female,Vipe
478,Andrew,aortizd9@narod.ru,Male,Skyvu
479,Gary,gwalkerda@wikia.com,Male,Vimbo
480,Sharon,sdiazdb@topsy.com,Female,Zoomdog
481,George,ggarciadc@ibm.com,Male,Quinu
482,Lillian,lbarnesdd@delicious.com,Female,Gigaclub
483,Amanda,amoorede@seesaa.net,Female,Jabbersphere
484,Peter,pkingdf@acquirethisname.com,Male,Livefish
485,Nicholas,nbarnesdg@nasa.gov,Male,Livetube
486,Henry,hrichardsondh@dagondesign.com,Male,Youtags
487,Janice,jcarrdi@latimes.com,Female,Edgeclub
488,Brandon,boliverdj@ox.ac.uk,Male,Avamm
489,Virginia,vduncandk@webmd.com,Female,Dablist
490,Wayne,wwillisdl@redcross.org,Male,Browsezoom
491,Norma,nkingdm@t.co,Female,Zoombox
492,Frances,fandersondn@eepurl.com,Female,Yodoo
493,Earl,ewagnerdo@ebay.com,Male,Demizz
494,Justin,jwatsondp@cmu.edu,Male,Jabbercube
495,Donald,dcunninghamdq@nyu.edu,Male,Yakitri
496,Maria,malexanderdr@clickbank.net,Female,Riffpath
497,Sean,sstewartds@eventbrite.com,Male,BlogXS
498,Jean,jlittledt@java.com,Female,Flashpoint
499,Elizabeth,ecruzdu@bravesites.com,Female,Browsetype
500,Todd,tgreenedv@twitpic.com,Male,Buzzbean
501,Marilyn,mmorenodw@typepad.com,Female,Twimbo
502,Joshua,jkelleydx@hatena.ne.jp,Male,Browseblab
503,Beverly,brobinsondy@msu.edu,Female,Quimba
504,Virginia,vhowelldz@comcast.net,Female,BlogXS
505,Diane,djohnstone0@ibm.com,Female,Mydeo
506,Charles,cdeane1@auda.org.au,Male,Plambee
507,Linda,lgreene2@home.pl,Female,Blogtag
508,Sharon,slittlee3@wix.com,Female,Devify
509,Charles,clopeze4@imgur.com,Male,Feedbug
510,Rose,rgordone5@elegantthemes.com,Female,Livetube
511,Donald,dbelle6@toplist.cz,Male,Abatz
512,Michael,mpetersone7@ustream.tv,Male,Zoonder
513,Stephanie,sbankse8@jiathis.com,Female,Youtags
514,Lois,lwilliamsone9@cdbaby.com,Female,Flashpoint
515,Jerry,jkingea@blogtalkradio.com,Male,Flashset
516,Teresa,tsanchezeb@sun.com,Female,Browseblab
517,Thomas,tgarciaec@google.pl,Male,Devshare
518,Joshua,jolivered@loc.gov,Male,Omba
519,Kenneth,khillee@weibo.com,Male,Yakidoo
520,Howard,hhallef@sciencedaily.com,Male,Devbug
521,Amanda,aromeroeg@free.fr,Female,Browsezoom
522,Jane,jsnydereh@dmoz.org,Female,Geba
523,Christine,criceei@1und1.de,Female,Skiba
524,Maria,mgardnerej@patch.com,Female,Voolith
525,Keith,kfoxek@studiopress.com,Male,Mudo
526,Phyllis,pchavezel@privacy.gov.au,Female,Shufflester
527,Matthew,mmorenoem@nytimes.com,Male,Twitterbeat
528,Ronald,randrewsen@home.pl,Male,Realbridge
529,Joan,jmorrisoneo@desdev.cn,Female,Gigazoom
530,Alan,abowmanep@eventbrite.com,Male,Eare
531,Catherine,caustineq@house.gov,Female,Myworks
532,Todd,tcarpenterer@wix.com,Male,Jaloo
533,Janice,jjohnsones@taobao.com,Female,Fanoodle
534,Judy,jkinget@washingtonpost.com,Female,Ozu
535,Shawn,selliotteu@ovh.net,Male,Gabspot
536,Robin,rgrayev@ovh.net,Female,Edgeblab
537,Kimberly,kburtonew@sbwire.com,Female,Zoomcast
538,Kenneth,ksnyderex@msu.edu,Male,Oyoloo
539,Carl,claneey@nps.gov,Male,Yamia
540,Denise,dknightez@stumbleupon.com,Female,Skiptube
541,Kimberly,khansonf0@google.co.jp,Female,Skinte
542,Teresa,tburtonf1@tumblr.com,Female,Eimbee
543,Lawrence,lhernandezf2@springer.com,Male,Topdrive
544,Alice,agarzaf3@prlog.org,Female,Aivee
545,Jonathan,jgilbertf4@cnbc.com,Male,Tekfly
546,Janice,jgreenf5@51.la,Female,Vinder
547,Jeffrey,jrussellf6@qq.com,Male,Photospace
548,Gloria,gandersonf7@npr.org,Female,Twitterbridge
549,John,jrogersf8@twitpic.com,Male,Eazzy
550,Rachel,rpetersf9@feedburner.com,Female,Fivebridge
551,Judy,jwallacefa@hud.gov,Female,Buzzshare
552,Raymond,rfowlerfb@youku.com,Male,Minyx
553,Samuel,shughesfc@fc2.com,Male,Jayo
554,Anthony,amorrisfd@gov.uk,Male,Trudoo
555,Christopher,cmeyerfe@cornell.edu,Male,Eamia
556,Anne,afisherff@oaic.gov.au,Female,Gabcube
557,Jonathan,jperezfg@mapy.cz,Male,Yozio
558,Lisa,lfreemanfh@google.it,Female,Twinder
559,Arthur,agonzalesfi@amazon.com,Male,Youbridge
560,Walter,wshawfj@newyorker.com,Male,Avavee
561,Arthur,aduncanfk@webeden.co.uk,Male,Yakijo
562,Beverly,bwilliamsonfl@bbc.co.uk,Female,Gevee
563,Ashley,ahunterfm@springer.com,Female,Dynabox
564,Philip,pkimfn@fc2.com,Male,Yakijo
565,Jessica,jalvarezfo@unicef.org,Female,Zooveo
566,Marie,mhansenfp@msu.edu,Female,Vipe
567,Chris,cgrantfq@globo.com,Male,Dabjam
568,Gary,gruizfr@hc360.com,Male,Camido
569,Carol,cfordfs@people.com.cn,Female,Livefish
570,Phillip,pallenft@umich.edu,Male,Tazzy
571,Dennis,dshawfu@europa.eu,Male,Vimbo
572,Janet,jgarrettfv@fastcompany.com,Female,Vipe
573,Steve,smorrisfw@facebook.com,Male,Ooba
574,Louise,lhansenfx@timesonline.co.uk,Female,Blogspan
575,Albert,apetersfy@domainmarket.com,Male,Zoombox
576,Joseph,jlewisfz@merriam-webster.com,Male,Rhynoodle
577,Patrick,pbrooksg0@phoca.cz,Male,Edgetag
578,Amy,ahicksg1@rambler.ru,Female,Wordify
579,Kevin,kchavezg2@ifeng.com,Male,Tagcat
580,Chris,cedwardsg3@zimbio.com,Male,Mita
581,Anna,anicholsg4@dmoz.org,Female,Yodel
582,Douglas,dgriffing5@jugem.jp,Male,Flashspan
583,Joseph,jolsong6@tumblr.com,Male,Browsedrive
584,Louise,lblackg7@smugmug.com,Female,Realpoint
585,Beverly,bnguyeng8@vkontakte.ru,Female,Yakijo
586,Mildred,mclarkg9@dion.ne.jp,Female,Wikizz
587,Thomas,tcastilloga@mtv.com,Male,Realcube
588,Gary,gharveygb@mayoclinic.com,Male,Layo
589,Mary,mbennettgc@elegantthemes.com,Female,Eayo
590,Catherine,cmurraygd@hexun.com,Female,Skyba
591,Sarah,smyersge@salon.com,Female,Meeveo
592,Michelle,mhuntgf@ucsd.edu,Female,Zazio
593,Douglas,dandrewsgg@friendfeed.com,Male,Abatz
594,Pamela,phendersongh@infoseek.co.jp,Female,Devpoint
595,Billy,bkellygi@instagram.com,Male,Vidoo
596,Lillian,laustingj@who.int,Female,Skiba
597,Annie,apaynegk@uiuc.edu,Female,Dabfeed
598,Anne,awilliamsgl@unicef.org,Female,Voomm
599,Diana,dkelleygm@mysql.com,Female,Abata
600,Jerry,jgarciagn@scribd.com,Male,Jaxworks
601,Kevin,kberrygo@deviantart.com,Male,Meemm
602,Bobby,bboydgp@gov.uk,Male,Jayo
603,Doris,ddavisgq@cocolog-nifty.com,Female,Mybuzz
604,Cheryl,cwelchgr@newyorker.com,Female,Aimbo
605,Cynthia,calvarezgs@icq.com,Female,Trudoo
606,Anne,amorenogt@artisteer.com,Female,Devify
607,Craig,chamiltongu@springer.com,Male,Pixonyx
608,Michelle,mberrygv@macromedia.com,Female,Youfeed
609,Kelly,kstevensgw@statcounter.com,Female,Bubblemix
610,Jonathan,jmurraygx@xing.com,Male,Kazu
611,Anne,aberrygy@loc.gov,Female,Tagfeed
612,Joshua,jfostergz@g.co,Male,Skipstorm
613,Annie,ahudsonh0@posterous.com,Female,Skyvu
614,Jack,jarnoldh1@hao123.com,Male,Brightdog
615,Mildred,mparkerh2@discovery.com,Female,Youbridge
616,Kathryn,klarsonh3@earthlink.net,Female,Oloo
617,Helen,hgrayh4@cpanel.net,Female,Fiveclub
618,Doris,dkingh5@bloglines.com,Female,Kwideo
619,Marilyn,mharveyh6@dedecms.com,Female,Dynabox
620,Christina,cstephensh7@hc360.com,Female,Bluejam
621,Kathleen,kpetersh8@naver.com,Female,Vitz
622,Kathleen,ksandersh9@eventbrite.com,Female,Kwideo
623,Ashley,awardha@gnu.org,Female,Aivee
624,Annie,aramirezhb@mashable.com,Female,Skippad
625,Jacqueline,jbaileyhc@ustream.tv,Female,Blogspan
626,Earl,ewillishd@ftc.gov,Male,Browsedrive
627,Betty,bandersonhe@salon.com,Female,Dynabox
628,Jimmy,jstewarthf@spotify.com,Male,Zoomlounge
629,Joe,jmillerhg@house.gov,Male,Thoughtblab
630,Earl,ediazhh@jugem.jp,Male,Yodoo
631,Brenda,bhamiltonhi@webmd.com,Female,Twiyo
632,Roger,rrobinsonhj@howstuffworks.com,Male,Edgepulse
633,Karen,kboydhk@blogspot.com,Female,Fliptune
634,Teresa,treyeshl@live.com,Female,Mudo
635,Jane,jbarneshm@springer.com,Female,Kanoodle
636,Tina,tjameshn@dot.gov,Female,Livepath
637,Donna,dclarkho@nationalgeographic.com,Female,Skynoodle
638,Kelly,kkennedyhp@irs.gov,Female,Yozio
639,David,dwarrenhq@jugem.jp,Male,Flipbug
640,Harry,hpalmerhr@aboutads.info,Male,Livetube
641,Eugene,eschmidths@xing.com,Male,Dabvine
642,Jesse,jjamesht@oracle.com,Male,Wordify
643,Sara,smcdonaldhu@craigslist.org,Female,Centimia
644,Carol,cphillipshv@reuters.com,Female,Yamia
645,Deborah,djoneshw@bravesites.com,Female,Flipopia
646,Ashley,adanielshx@ca.gov,Female,Gigashots
647,Jane,jgriffinhy@posterous.com,Female,Demimbu
648,Aaron,akellyhz@scientificamerican.com,Male,Edgetag
649,Anthony,aramosi0@t-online.de,Male,Trudoo
650,Carlos,creedi1@theglobeandmail.com,Male,Yakijo
651,Beverly,bramirezi2@wp.com,Female,Jaloo
652,Ralph,rfergusoni3@toplist.cz,Male,Gigaclub
653,Amanda,apetersi4@jugem.jp,Female,Zoombeat
654,Scott,swatkinsi5@ed.gov,Male,Muxo
655,Judith,jmartini6@github.io,Female,Aimbu
656,Sara,swilliamsoni7@economist.com,Female,Gabspot
657,Louise,lstephensi8@dailymail.co.uk,Female,Jetwire
658,Margaret,malvarezi9@google.es,Female,Plambee
659,Sara,sjacobsia@canalblog.com,Female,Abata
660,Brian,bmorenoib@istockphoto.com,Male,Feedfire
661,Doris,dwardic@merriam-webster.com,Female,Tagpad
662,Eugene,emorenoid@google.co.jp,Male,Brightbean
663,Ralph,ralexanderie@netscape.com,Male,Demizz
664,Helen,hjonesif@google.com.br,Female,Tagopia
665,Kelly,kfosterig@prnewswire.com,Female,Yambee
666,Bobby,bmurrayih@discuz.net,Male,Brightbean
667,Steve,srussellii@alibaba.com,Male,Avamm
668,Juan,jfisherij@amazon.com,Male,Dynabox
669,Christina,chicksik@livejournal.com,Female,Skilith
670,Jean,jkimil@github.com,Female,Avaveo
671,Timothy,tfloresim@desdev.cn,Male,Quimba
672,Brandon,bmoralesin@cargocollective.com,Male,Buzzdog
673,Janet,jwoodio@dion.ne.jp,Female,Skyba
674,Antonio,alopezip@disqus.com,Male,Myworks
675,Brenda,bwatsoniq@desdev.cn,Female,Twitterwire
676,Roger,rmooreir@cornell.edu,Male,Fadeo
677,Kenneth,klawsonis@eepurl.com,Male,Abata
678,Ruth,rreyesit@dion.ne.jp,Female,Skibox
679,James,jcoleiu@ucla.edu,Male,Tagtune
680,Ruth,rkelleyiv@hexun.com,Female,Oyonder
681,Timothy,tsimsiw@yahoo.com,Male,Tagtune
682,Teresa,tmillsix@prlog.org,Female,Quamba
683,Joyce,jruiziy@artisteer.com,Female,Bubbletube
684,Rose,rmitchelliz@ebay.co.uk,Female,Zoombox
685,Joyce,jruizj0@boston.com,Female,Feedbug
686,Evelyn,ehughesj1@1688.com,Female,Wikido
687,Antonio,aellisj2@unblog.fr,Male,Livepath
688,Sara,smontgomeryj3@virginia.edu,Female,Jetpulse
689,Mary,mgordonj4@g.co,Female,Gigaclub
690,Jesse,jbarnesj5@networksolutions.com,Male,Gigabox
691,James,jstevensj6@123-reg.co.uk,Male,Digitube
692,Tammy,trichardsonj7@irs.gov,Female,Tazzy
693,Lois,lrobertsonj8@t-online.de,Female,Skyba
694,Todd,tpetersonj9@flickr.com,Male,Yakitri
695,Eugene,etorresja@odnoklassniki.ru,Male,Dynabox
696,Walter,wmorrisjb@bizjournals.com,Male,Skilith
697,Jimmy,jrichardsonjc@xinhuanet.com,Male,Quatz
698,Virginia,vbowmanjd@nytimes.com,Female,Browsebug
699,Rachel,rdeanje@51.la,Female,Feedspan
700,Gregory,gwilsonjf@vk.com,Male,Skyvu
701,Pamela,pbelljg@who.int,Female,Meemm
702,Gloria,gfernandezjh@is.gd,Female,Janyx
703,Justin,jwelchji@miitbeian.gov.cn,Male,Jabberbean
704,Adam,agrantjj@surveymonkey.com,Male,Demivee
705,Kathy,kellisjk@constantcontact.com,Female,Eimbee
706,Joshua,jmurphyjl@1und1.de,Male,Demivee
707,Edward,epattersonjm@constantcontact.com,Male,Gigazoom
708,Robin,rbowmanjn@dyndns.org,Female,Npath
709,Harry,hgomezjo@qq.com,Male,Skiptube
710,Amy,awrightjp@fastcompany.com,Female,Layo
711,Kevin,kmyersjq@free.fr,Male,Jazzy
712,Christine,cdeanjr@unblog.fr,Female,Fatz
713,Mildred,mwatkinsjs@blogs.com,Female,Twitterworks
714,Wayne,wfernandezjt@kickstarter.com,Male,Dynabox
715,Ralph,rarmstrongju@utexas.edu,Male,Brainsphere
716,Patricia,pfoxjv@java.com,Female,Divanoodle
717,John,jcarrolljw@shutterfly.com,Male,Vimbo
718,Chris,chowelljx@kickstarter.com,Male,Topicstorm
719,Juan,jolsonjy@globo.com,Male,Gigazoom
720,Lori,ldixonjz@wix.com,Female,Youspan
721,Rebecca,rcooperk0@state.tx.us,Female,Dabshots
722,Larry,lrobertsonk1@bravesites.com,Male,Janyx
723,Alice,asanchezk2@123-reg.co.uk,Female,Youtags
724,Diane,ddavisk3@cbc.ca,Female,Photobean
725,Rachel,rreyesk4@multiply.com,Female,Twiyo
726,Robin,rmorrisonk5@discovery.com,Female,Blogpad
727,Susan,sandersonk6@bandcamp.com,Female,Chatterpoint
728,Susan,spiercek7@multiply.com,Female,Wordtune
729,Andrew,acooperk8@sciencedaily.com,Male,Rhybox
730,Karen,kburtonk9@abc.net.au,Female,Trudoo
731,Andrew,ajenkinska@sphinn.com,Male,Kazio
732,Bobby,bberrykb@umn.edu,Male,Oyonder
733,Karen,kperrykc@nytimes.com,Female,Linklinks
734,Anne,arussellkd@irs.gov,Female,Jaxworks
735,Frances,flawsonke@amazon.co.uk,Female,Skilith
736,Patricia,probertsonkf@latimes.com,Female,Kwideo
737,Harry,hchapmankg@xinhuanet.com,Male,Twitterbridge
738,Anna,ajacobskh@mail.ru,Female,Tagcat
739,Theresa,tthompsonki@google.es,Female,Abata
740,Robert,rjenkinskj@europa.eu,Male,Skiba
741,Wanda,wrobertskk@examiner.com,Female,Ozu
742,Tammy,tdixonkl@icio.us,Female,Kazu
743,Jessica,jhansenkm@webnode.com,Female,Flashdog
744,Todd,toliverkn@i2i.jp,Male,Jetpulse
745,Melissa,mwheelerko@mapy.cz,Female,Skyble
746,Julia,jgarrettkp@statcounter.com,Female,Divanoodle
747,James,jmartinkq@purevolume.com,Male,Agimba
748,Phillip,pgeorgekr@behance.net,Male,Photofeed
749,Anthony,ahartks@ed.gov,Male,Divanoodle
750,Michelle,mkingkt@chron.com,Female,Edgeblab
751,Lois,lbanksku@cocolog-nifty.com,Female,Dazzlesphere
752,Janet,jpattersonkv@answers.com,Female,Yakijo
753,Dennis,dgarzakw@oakley.com,Male,Yamia
754,Laura,lmorgankx@archive.org,Female,Vimbo
755,Albert,aperryky@ox.ac.uk,Male,Yacero
756,Bobby,bpalmerkz@bing.com,Male,Fivebridge
757,Julie,jjohnstonl0@nasa.gov,Female,Devbug
758,Gloria,galvarezl1@seesaa.net,Female,Vinte
759,Barbara,bwallacel2@github.io,Female,Tambee
760,Howard,hschmidtl3@nsw.gov.au,Male,Tagcat
761,Kathy,khartl4@merriam-webster.com,Female,Gigaclub
762,Phillip,pcruzl5@dot.gov,Male,Edgewire
763,Sandra,shunterl6@bloomberg.com,Female,Skidoo
764,Heather,hthompsonl7@time.com,Female,Realbridge
765,Carolyn,crichardsonl8@vk.com,Female,Livetube
766,Ronald,rreidl9@hud.gov,Male,Twimbo
767,Julia,jlawsonla@disqus.com,Female,Dynabox
768,Nicholas,nstevenslb@naver.com,Male,Lazzy
769,Denise,djameslc@wikimedia.org,Female,Tagchat
770,Ruby,rharperld@amazonaws.com,Female,Wordify
771,Ralph,ralexanderle@dell.com,Male,Dynazzy
772,Heather,hcastillolf@flavors.me,Female,Voomm
773,Dennis,dhamiltonlg@slashdot.org,Male,Twiyo
774,Rose,rwatkinslh@umich.edu,Female,Browsecat
775,Matthew,mhenryli@infoseek.co.jp,Male,Gigashots
776,Daniel,dandersonlj@e-recht24.de,Male,Fivebridge
777,Judith,jgonzalezlk@nps.gov,Female,Twimbo
778,Anne,aholmesll@zdnet.com,Female,Oyope
779,Cheryl,cfergusonlm@mail.ru,Female,Feednation
780,Chris,cgreenln@eepurl.com,Male,Miboo
781,Judy,jlittlelo@yellowpages.com,Female,Photospace
782,Ruby,rcoxlp@tripadvisor.com,Female,Mudo
783,Pamela,prodriguezlq@mozilla.com,Female,Thoughtstorm
784,Jennifer,jramirezlr@washington.edu,Female,Twitterworks
785,Joyce,jpiercels@aol.com,Female,Innojam
786,Daniel,dmorganlt@google.co.uk,Male,Babbleblab
787,Gary,gryanlu@sina.com.cn,Male,Voolith
788,Howard,hhowardlv@dell.com,Male,Yodel
789,William,wthompsonlw@rambler.ru,Male,Gabspot
790,Roy,randersonlx@123-reg.co.uk,Male,Aibox
791,Wanda,wstevensly@unicef.org,Female,Yata
792,Heather,hevanslz@t.co,Female,Linktype
793,Susan,smorganm0@slashdot.org,Female,Babbleset
794,Joan,jsimpsonm1@indiegogo.com,Female,Agimba
795,Steve,scoxm2@foxnews.com,Male,Yakitri
796,Charles,crogersm3@mozilla.org,Male,Babbleset
797,Christine,cjacksonm4@skype.com,Female,Edgeclub
798,Kenneth,koliverm5@smugmug.com,Male,Feedbug
799,Diane,drobertsonm6@geocities.jp,Female,Wikizz
800,Juan,jkellym7@jigsy.com,Male,Meetz
801,Bruce,bgomezm8@ucla.edu,Male,Plambee
802,Eric,ecollinsm9@nps.gov,Male,Twitterlist
803,Beverly,bjacksonma@livejournal.com,Female,Realbridge
804,Harry,hgonzalezmb@4shared.com,Male,Fatz
805,Judith,jhamiltonmc@ehow.com,Female,Gabspot
806,Donald,dsnydermd@tamu.edu,Male,Wikibox
807,Joyce,jrogersme@mozilla.com,Female,Kare
808,Cheryl,ckingmf@tinypic.com,Female,Blognation
809,Bruce,bwellsmg@npr.org,Male,Youtags
810,Randy,rbakermh@eepurl.com,Male,Lazz
811,Jimmy,jharrisonmi@washington.edu,Male,Rhycero
812,Bobby,bbanksmj@washington.edu,Male,Centimia
813,Laura,lromeromk@shutterfly.com,Female,Thoughtstorm
814,Stephanie,scarrml@tripod.com,Female,Yadel
815,Nancy,nwillismm@bandcamp.com,Female,Jatri
816,Sarah,scarrollmn@arizona.edu,Female,Flashdog
817,Daniel,djacobsmo@symantec.com,Male,Vidoo
818,Denise,dknightmp@cornell.edu,Female,Ailane
819,Victor,vgarrettmq@deviantart.com,Male,JumpXS
820,Lori,lcampbellmr@fda.gov,Female,Plambee
821,Terry,tkingms@jimdo.com,Male,Jabbersphere
822,Dennis,dlarsonmt@free.fr,Male,Photolist
823,Craig,chamiltonmu@tamu.edu,Male,Linklinks
824,Lillian,lreedmv@statcounter.com,Female,Quire
825,Marilyn,mrodriguezmw@cargocollective.com,Female,Meevee
826,Timothy,tcolemanmx@creativecommons.org,Male,Gigaclub
827,Amy,acarrmy@ycombinator.com,Female,Cogilith
828,Jack,jstewartmz@i2i.jp,Male,Dynabox
829,Phyllis,pellisn0@smh.com.au,Female,Feedbug
830,Deborah,ddavisn1@forbes.com,Female,Aimbu
831,Jean,jstephensn2@hubpages.com,Female,Buzzshare
832,Denise,dnguyenn3@dailymotion.com,Female,Babbleset
833,Antonio,aberryn4@merriam-webster.com,Male,Tazzy
834,Ronald,rclarkn5@cargocollective.com,Male,Bubblemix
835,Alan,aportern6@wisc.edu,Male,Yombu
836,Eric,ecookn7@jigsy.com,Male,Twitternation
837,Ruth,rcolemann8@tumblr.com,Female,Zoombox
838,Janet,jdeann9@bluehost.com,Female,Skyvu
839,Denise,dedwardsna@stanford.edu,Female,Thoughtstorm
840,Louis,lgibsonnb@soundcloud.com,Male,Kayveo
841,Nancy,nharveync@amazon.de,Female,Topicware
842,Annie,amurphynd@i2i.jp,Female,Tagtune
843,Deborah,dsullivanne@storify.com,Female,Wikizz
844,Billy,bcastillonf@jugem.jp,Male,Thoughtmix
845,Kenneth,khayesng@icq.com,Male,Skippad
846,Johnny,jgilbertnh@wikimedia.org,Male,Twitterwire
847,Patrick,pmatthewsni@mac.com,Male,Riffwire
848,Joan,jmillsnj@nydailynews.com,Female,Devpoint
849,Stephen,sharrisonnk@slideshare.net,Male,Blogtags
850,Albert,acastillonl@paginegialle.it,Male,Buzzbean
851,Howard,hbutlernm@plala.or.jp,Male,Realmix
852,Ann,aolivernn@technorati.com,Female,Tagchat
853,Sarah,shunterno@zimbio.com,Female,Jabbersphere
854,Carol,ckelleynp@phoca.cz,Female,Kwinu
855,Matthew,mgraynq@hao123.com,Male,Thoughtbridge
856,Kathy,khansonnr@ow.ly,Female,Devpulse
857,Carl,cmartinns@theguardian.com,Male,Cogilith
858,Chris,cburnsnt@amazon.co.uk,Male,Wikizz
859,Tina,tgreennu@tinypic.com,Female,Zava
860,John,jdavisnv@mozilla.com,Male,Shuffledrive
861,David,dpetersnw@yolasite.com,Male,Feedfish
862,Beverly,bgardnernx@nymag.com,Female,Meezzy
863,Melissa,mdavisny@msu.edu,Female,Blogtags
864,Earl,ebryantnz@ocn.ne.jp,Male,Zoomzone
865,Lillian,lelliso0@studiopress.com,Female,Feedfire
866,Donald,dshawo1@pbs.org,Male,Zoombox
867,Roy,rsimso2@phoca.cz,Male,Skippad
868,Doris,dfoxo3@apple.com,Female,Agimba
869,Kelly,kstevenso4@discuz.net,Female,Fivechat
870,Russell,rgrayo5@gnu.org,Male,Voomm
871,Frances,fnguyeno6@free.fr,Female,Photobug
872,Diana,dchapmano7@jugem.jp,Female,Oyoyo
873,Amanda,aperkinso8@wikia.com,Female,Flipbug
874,Carl,cportero9@timesonline.co.uk,Male,Leenti
875,Stephanie,spetersoa@biglobe.ne.jp,Female,Avamm
876,Kenneth,kcollinsob@tripod.com,Male,Skinix
877,Patricia,phuntoc@salon.com,Female,Mycat
878,Christopher,charveyod@census.gov,Male,Meetz
879,Daniel,dwilliamsonoe@cloudflare.com,Male,Feedbug
880,Thomas,tfieldsof@360.cn,Male,Katz
881,Carolyn,challog@usnews.com,Female,Kamba
882,Ronald,rsimmonsoh@tmall.com,Male,Demimbu
883,Nicholas,nlaneoi@google.ca,Male,Thoughtstorm
884,Helen,hfulleroj@adobe.com,Female,Skinte
885,Daniel,dgibsonok@trellian.com,Male,Jazzy
886,Philip,pmoralesol@tinyurl.com,Male,Quatz
887,Steve,sandersonom@mediafire.com,Male,Voonyx
888,Gerald,glawrenceon@patch.com,Male,Kimia
889,Laura,lwoodoo@census.gov,Female,Rhyzio
890,Julie,jdavisop@last.fm,Female,Browsetype
891,Raymond,rclarkoq@elpais.com,Male,Kimia
892,Michelle,mstanleyor@purevolume.com,Female,Photospace
893,Alice,aalvarezos@baidu.com,Female,Buzzster
894,Mildred,mwagnerot@elpais.com,Female,Avavee
895,Terry,tcarterou@slate.com,Male,Roomm
896,Sharon,svasquezov@cdc.gov,Female,Brainverse
897,Elizabeth,eknightow@blogspot.com,Female,Skiba
898,Donald,dcunninghamox@wikimedia.org,Male,Cogidoo
899,Shirley,ssmithoy@blogspot.com,Female,Skimia
900,Jessica,jallenoz@discovery.com,Female,Skyvu
901,Alice,apaynep0@dagondesign.com,Female,Edgeify
902,Albert,afieldsp1@wix.com,Male,Plambee
903,Joe,jhenryp2@dailymail.co.uk,Male,Gigaclub
904,Chris,cchapmanp3@redcross.org,Male,Rhyzio
905,Nicole,nfullerp4@unblog.fr,Female,Yamia
906,Anne,asnyderp5@cafepress.com,Female,Cogidoo
907,Dennis,dreynoldsp6@cdbaby.com,Male,Zoonoodle
908,Carolyn,clynchp7@paginegialle.it,Female,Gigazoom
909,Kimberly,kstephensp8@amazon.com,Female,Oyoba
910,Juan,jgrantp9@blinklist.com,Male,Quimm
911,Charles,cboydpa@diigo.com,Male,Kaymbo
912,Albert,arodriguezpb@shop-pro.jp,Male,Linkbridge
913,John,jschmidtpc@illinois.edu,Male,Tagtune
914,Anne,athompsonpd@mit.edu,Female,Realblab
915,Jimmy,jrobertspe@fema.gov,Male,Realfire
916,Brenda,bmitchellpf@ft.com,Female,Mydo
917,Jason,jjamespg@soup.io,Male,Zoovu
918,Carlos,cpayneph@sogou.com,Male,Quimba
919,Paula,pflorespi@buzzfeed.com,Female,Feedfish
920,Carlos,callenpj@mac.com,Male,Kamba
921,Bobby,ballenpk@illinois.edu,Male,Dabjam
922,Sara,smarshallpl@flavors.me,Female,Yombu
923,Mark,mharveypm@jalbum.net,Male,Yakidoo
924,Andrea,aowenspn@jigsy.com,Female,Jabberstorm
925,Clarence,caustinpo@newyorker.com,Male,Babbleopia
926,Bruce,bhowardpp@state.gov,Male,Skyvu
927,Brenda,brobertsonpq@i2i.jp,Female,Zazio
928,Stephen,sfernandezpr@multiply.com,Male,Vinder
929,Gloria,gcollinsps@zimbio.com,Female,Youspan
930,Shirley,staylorpt@joomla.org,Female,Ozu
931,Sara,sharveypu@state.tx.us,Female,Aimbu
932,Harold,hcoxpv@aol.com,Male,Mydo
933,Lori,lrussellpw@cdc.gov,Female,Edgepulse
934,Elizabeth,eadamspx@hp.com,Female,Teklist
935,Deborah,dmccoypy@vkontakte.ru,Female,Shuffledrive
936,Catherine,cfergusonpz@gravatar.com,Female,Oba
937,Paul,pkingq0@dyndns.org,Male,Plajo
938,Harold,hjohnsonq1@sakura.ne.jp,Male,Quinu
939,Andrew,aolsonq2@cocolog-nifty.com,Male,Skippad
940,Susan,snelsonq3@miitbeian.gov.cn,Female,Quatz
941,Lillian,lgarzaq4@state.gov,Female,Yombu
942,Ruby,rgarzaq5@yahoo.com,Female,Jabbersphere
943,Howard,hjacksonq6@devhub.com,Male,Yozio
944,Beverly,bjohnstonq7@mysql.com,Female,Fiveclub
945,Evelyn,ewoodsq8@imdb.com,Female,Eire
946,Peter,phuntq9@barnesandnoble.com,Male,JumpXS
947,George,ggrayqa@shutterfly.com,Male,Jabbertype
948,Ryan,rmorrisonqb@tinypic.com,Male,Dynabox
949,Ryan,rreidqc@cyberchimps.com,Male,Mynte
950,Doris,dhicksqd@xrea.com,Female,Centizu
951,Alan,amendozaqe@slideshare.net,Male,Cogidoo
952,Melissa,madamsqf@facebook.com,Female,Dabtype
953,Jessica,jtorresqg@cnn.com,Female,Reallinks
954,Catherine,cdunnqh@smugmug.com,Female,Omba
955,Bonnie,bromeroqi@behance.net,Female,Yamia
956,Russell,rmcdonaldqj@house.gov,Male,Brainlounge
957,Carlos,criveraqk@opera.com,Male,Dynazzy
958,Steve,srobertsql@usnews.com,Male,Skimia
959,Jessica,jscottqm@booking.com,Female,Devcast
960,Wayne,wwheelerqn@gizmodo.com,Male,Flashset
961,Irene,irileyqo@wikimedia.org,Female,Eare
962,Maria,mfreemanqp@smugmug.com,Female,Skyndu
963,Nancy,nduncanqq@narod.ru,Female,Flashspan
964,Louis,lmitchellqr@sphinn.com,Male,Quinu
965,Martin,mromeroqs@indiegogo.com,Male,Thoughtstorm
966,Robert,rmartinezqt@prlog.org,Male,Quatz
967,Jennifer,jrussellqu@ning.com,Female,Meevee
968,Samuel,srichardsonqv@hhs.gov,Male,Quimba
969,Robin,rharperqw@rambler.ru,Female,Skyba
970,Lawrence,lmorganqx@wikia.com,Male,Tanoodle
971,Lois,lolsonqy@salon.com,Female,Feedbug
972,Wanda,wlawsonqz@eventbrite.com,Female,Yamia
973,Randy,rwallacer0@hc360.com,Male,LiveZ
974,Shirley,slawrencer1@msu.edu,Female,Avamm
975,Keith,kgonzalezr2@tripod.com,Male,Meejo
976,Raymond,rthomasr3@reference.com,Male,Fatz
977,Margaret,mmedinar4@blinklist.com,Female,Meedoo
978,Richard,rwheelerr5@infoseek.co.jp,Male,Tanoodle
979,Brenda,bcrawfordr6@house.gov,Female,Devpulse
980,Janet,jpayner7@discovery.com,Female,Rhynyx
981,Phyllis,poliverr8@buzzfeed.com,Female,Jaxspan
982,Carolyn,cwrightr9@gravatar.com,Female,Voonder
983,Douglas,dcarpenterra@yolasite.com,Male,Yakidoo
984,Gerald,glanerb@t-online.de,Male,Voomm
985,Mark,mduncanrc@webs.com,Male,Shufflebeat
986,Harry,hbellrd@drupal.org,Male,Brightbean
987,Cynthia,cthomasre@go.com,Female,Snaptags
988,Scott,ssimsrf@etsy.com,Male,Mybuzz
989,Roy,rfloresrg@issuu.com,Male,Dabfeed
990,Fred,fbakerrh@nymag.com,Male,Lazz
991,Andrea,awebbri@state.tx.us,Female,Ainyx
992,Cheryl,coliverrj@booking.com,Female,Gevee
993,Ernest,ekennedyrk@go.com,Male,Latz
994,Raymond,rhudsonrl@spotify.com,Male,Vitz
995,Lisa,lwatsonrm@delicious.com,Female,Skaboo
996,Betty,bwalkerrn@spotify.com,Female,Twinder
997,Melissa,mmartinro@ca.gov,Female,Devshare
998,Randy,rgrayrp@toplist.cz,Male,Fatz
999,Gloria,gcrawfordrq@tinypic.com,Female,Topdrive
1000,Michelle,mblackrr@msu.edu,Female,Voomm
